模型,acc_t,f1_t,auc_T,acc,f1,auc
XGBoost,0.9251966873706005,0.9272843007616032,0.9251966873706005,0.63,0.3413809523809524,0.5720833333333334
