模型,acc_t,f1_t,auc_T,acc,f1,auc
SVM,0.8140000000000001,0.3142610954263128,0.5956140350877193,0.77,0.0,0.5
