模型,acc_t,f1_t,auc_T,acc,f1,auc
RF,1.0,1.0,1.0,0.8467096774193549,0.8519194112296905,0.8464166666666667
