模型,acc_t,f1_t,auc_T,acc,f1,auc
SVM,0.9779255179648572,0.9783935242341454,0.977916446324696,0.8686451612903225,0.87333714898303,0.8684166666666667
