模型,acc_t,f1_t,auc_T,acc,f1,auc
KNN,0.7593333333333334,0.2999488748086175,0.5729865424430642,0.6759999999999999,0.10638095238095238,0.4761904761904762
MLP,1.0,1.0,1.0,0.674,0.17815873015873016,0.5009523809523809
RF,0.8691111111111112,0.5987017719751804,0.7155,0.752,0.0,0.4882142857142857
SVM,0.8111111111111111,0.30064950508428767,0.5892857142857143,0.77,0.0,0.5
XGBoost,0.9284444444444445,0.8270246174697594,0.872371635610766,0.696,0.23199999999999998,0.54125
