模型,acc_t,f1_t,auc_T,acc,f1,auc
KNN,0.6944767899291897,0.7654652351817564,0.6945161290322581,0.6065376344086022,0.7121997310687044,0.6069166666666667
MLP,1.0,1.0,1.0,0.8437849462365591,0.8596734893747278,0.8435833333333334
RF,1.0,1.0,1.0,0.8466666666666667,0.8492822647131684,0.8464166666666667
SVM,0.9779255179648572,0.9783935242341454,0.977916446324696,0.8686451612903225,0.87333714898303,0.8684166666666667
XGBoost,0.9970731707317073,0.9970462105405771,0.9970809095716553,0.7971182795698926,0.8097794245208039,0.7972500000000001
