Mean_Accuracy,Mean_AUC,Mean_Precision,Mean_Recall,Mean_F1_score
30.39999984204769,66.86733305454254,35.56218635290861,21.599999740719795,25.054373
