Mean_Accuracy,Mean_AUC,Mean_Precision,Mean_Recall,Mean_F1_score
36.59999996423721,71.90800040960312,40.301976427435875,14.199999943375587,29.493813
