Mean_Accuracy,Mean_AUC,Mean_Precision,Mean_Recall,Mean_F1_score
34.000000059604645,70.22399991750717,40.19333451986313,25.19999995827675,27.988455
