模型,acc_t,f1_t,auc_T,acc,f1,auc
RF,1.0,1.0,1.0,0.274,0.23945734200440083,0.5558165113871636
