模型,acc_t,f1_t,auc_T,acc,f1,auc
XGBoost,0.9985714285714287,0.998580218010958,0.9991666666666668,0.48714285714285716,0.47193197278911564,0.7008333333333333
