模型,acc_t,f1_t,auc_T,acc,f1,auc
SVM,0.9360714285714287,0.9361105582639313,0.9627083333333333,0.5114285714285713,0.50818216703931,0.715
