模型,acc_t,f1_t,auc_T,acc,f1,auc
Linear,0.5157142857142858,0.5083543367737795,0.7175,0.20800000000000002,0.17830599270011033,0.5233603896103896
