模型,acc_t,f1_t,auc_T,acc,f1,auc
RF,1.0,1.0,1.0,0.54,0.5204374355802927,0.7316666666666667
