模型,acc_t,f1_t,auc_T,acc,precision,recall,f1,auc
LogisticAT,0.786,0.785514742,0.87023467,0.2560 ,0.2616 ,0.2560 ,0.2444 ,0.5564 
MLP,1,1,1,0.2620 ,0.2463 ,0.2620 ,0.2413 ,0.5543 
RF,1,1,1,0.2600 ,0.2235 ,0.2600 ,0.2302 ,0.5496 
SVM,0.818,0.804263209,0.887133831,0.2540 ,0.1979 ,0.2540 ,0.2040 ,0.5390 
XGBoost,0.938666667,0.937991581,0.962818355,0.2340 ,0.2332 ,0.2340 ,0.2227 ,0.5373 
