模型,acc_t,f1_t,auc_T,acc,f1,auc
LogisticAT,0.786,0.7855147424971272,0.8702346702978649,0.256,0.24437614607614608,0.5564026915113872
