模型,acc_t,f1_t,auc_T,acc,precision,recall,f1,auc
RF,1.0,1.0,1.0,0.25,0.19780036075036073,0.25,0.21476149961149962,0.5417345426312818
