模型,acc_t,f1_t,auc_T,acc,f1,auc
MLP,1.0,1.0,1.0,0.27,0.25103423243423245,0.5615486777715037
