模型,acc_t,f1_t,auc_T,acc,f1,auc
SVM,0.818,0.8042632093254731,0.887133830991413,0.254,0.20401643284476104,0.5389502164502165
