模型,acc_t,f1_t,auc_T,acc,f1,auc
XGBoost,0.9480000000000001,0.9475291395667178,0.9684275656430114,0.236,0.22266633366633365,0.5388816346696782
